{
    "doctors":[
      {
      "id" : 1,
      "name" : "Dr.Roshni Mishra",
      "gender":"Female",
      "email":"roshnimishra@gmail.com",
      "occupation":"Pediatric Dentist",
      "specialist":"Dental Health Care",
      "yearsofexp":"5 years experience overall",
      "locality":"HSR Layout,Bangalore",
      "workingplace":"S R Clinic",
      "charges":"1500",
      "photo_large" : 
      "http://www.raywenderlich.com/downloads/puppies/spaniel.jpeg",
      "mobilenumber":"9934876540",
      "availabletiming":"9:00 AM - 6:00 PM"
      },
      {
      "id" : 2,
      "name" : "Dr.Rishikesh Avashthi",
      "gender":"Male",
      "email":"rishikeshavashthi@gmail.com",
      "occupation":"Ear-Nose-Throat (ENT) Specialist",
      "specialist":"Throat Health Care",
      "yearsofexp":"20 years experience overall",
      "locality":"Madhava Nagar,Bangalore",
      "workingplace":"Fairfield Health ",
      "charges":"1000",
      "mobilenumber":"9934876540",
      "availabletiming":"9:00 AM - 6:00 PM"
      },
      {
        "id" : 3,
        "name" : "Dr. Raja Selvarajani",
        "gender":"Male",
        "email":"rajaselvarajani@gmail.com",
        "occupation":"General Physician",
        "specialist":"Diabetology Health Care",
        "yearsofexp":"15 years experience overall",
        "locality":"Madhava Nagar,Bangalore",
        "workingplace":"Kaveri Health ",
        "charges":"1000",
        "mobilenumber":"9934876540",
        "availabletiming":"9:00 AM - 6:00 PM"
      },
      {
        "id" : 4,
        "name" : "Dr. Ananda B B",
        "gender":"Male",
        "email":"anandabb@gmail.com",
        "occupation":"General Surgeon",
        "specialist":"Diabetology Health Care",
        "yearsofexp":"17 years experience overall",
        "locality":"Madhava Nagar,Mumbai",
        "workingplace":"Fairfield Health ",
        "charges":"800",
        "mobilenumber":"9934876540",
        "availabletiming":"9:00 AM - 6:00 PM"
      },
      {
        "id" : 5,
        "name" : "Dr. Seema S. Masrani",
        "gender":"Female",
        "email":"seemamasrani@gmail.com",
        "occupation":"Laparoscopic Surgeon",
        "specialist":"Surgeon Health Care",
        "yearsofexp":"8 years experience overall",
        "locality":"Kandivali,Mumbai",
        "workingplace":"Fairfield Health ",
        "charges":"500",
        "mobilenumber":"9934876540",
        "availabletiming":"9:00 AM - 6:00 PM"
      },
      {
        "id" : 6,
        "name" : "Dr. Manojkumar Ahire",
        "gender":"Male",
        "email":"manojkumar@gmail.com",
        "occupation":"General Physician",
        "specialist":"Surgeon Health Care",
        "yearsofexp":"6 years experience overall",
        "locality":"Andheri,Mumbai",
        "workingplace":"Fairfield Health ",
        "charges":"800",
        "mobilenumber":"9934876540",
        "availabletiming":"9:00 AM - 6:00 PM"
      },
      {
        "id" : 7,
        "name" : "Dr. Samvaad Shetty",
        "gender":"Male",
        "email":"samvaadshetty@gmail.com",
        "occupation":"Laparoscopic Surgeon",
        "specialist":"Surgeon Health Care",
        "yearsofexp":"8 years experience overall",
        "locality":"Powai,Mumbai",
        "workingplace":"Dr.Samvaad Shetty's Clinic",
        "charges":"800",
        "mobilenumber":"9934876540",
        "availabletiming":"9:00 AM - 6:00 PM"
      },
      {
        "id" : 8,
        "name" : "Dr. Amit Phadnis",
        "gender":"Male",
        "email":"amitphadnis@gmail.com",
        "occupation":"General Surgeon",
        "specialist":"Surgeon Health Care",
        "yearsofexp":"22 years experience overall",
        "locality":"Mira Road,Mumbai",
        "workingplace":"Dr.Samvaad Shetty's Clinic",
        "charges":"800",
        "mobilenumber":"9934876540",
        "availabletiming":"9:00 AM - 6:00 PM"
      },
      {
        "id" : 9,
        "name" : "Dr. Umakant V. Ragte",
        "gender":"Male",
        "email":"umakantragte@gmail.com",
        "occupation":"General Surgeon",
        "specialist":"Surgeon Health Care",
        "yearsofexp":"10 years experience overall",
        "locality":"Mumbai Central,Mumbai ",
        "workingplace":"Dr.Samvaad Shetty's Clinic",
        "charges":"1000",
        "mobilenumber":"9934876540",
        "availabletiming":"9:00 AM - 6:00 PM"
      },
      {
        "id" : 10,
        "name" : "Dr. Swaroop Y Choudhari",
        "gender":"Male",
        "email":"swaroope@gmail.com",
        "occupation":"General Surgeon",
        "specialist":"Surgeon Health Care",
        "yearsofexp":"10 years experience overall",
        "locality":"Mumbai Central,Mumbai ",
        "workingplace":"Dr.Samvaad Shetty's Clinic",
        "charges":"1000",
        "mobilenumber":"9934876540",
        "availabletiming":"9:00 AM - 6:00 PM"
      },
      {
        "id" : 11,
        "name" : "Dr. Madhushree Venkat",
        "gender":"Female",
        "email":"madhushreevenkat@gmail.com",
        "occupation":"Gynecologist/Obstetrician",
        "specialist":"Surgeon Health Care",
        "yearsofexp":"10 years experience overall",
        "locality":"Mulund West,Mumbai ",
        "workingplace":"FairField Health",
        "charges":"1200",
        "mobilenumber":"9934876540",
        "availabletiming":"9:00 AM - 6:00 PM"
      },
      {
        "id" : 12,
        "name" : "Dr. Aditi Chandan Sinha",
        "gender":"Female",
        "email":"aditisinha@gmail.com",
        "occupation":"Ear-Nose-Throat (ENT) Specialist",
        "specialist":"Surgeon Health Care",
        "yearsofexp":"13 years experience overall",
        "locality":"Mulund West,Mumbai ",
        "workingplace":"FairField Health",
        "charges":"1200",
        "mobilenumber":"9934876540",
        "availabletiming":"9:00 AM - 6:00 PM"
      },
      {
        "id" : 13,
        "name" : "Dr. Shradha Doshi",
        "gender":"Female",
        "email":"shradhadoshi@gmail.com",
        "occupation":"Ear-Nose-Throat (ENT) Specialist",
        "specialist":"Surgeon Health Care",
        "yearsofexp":"13 years experience overall",
        "locality":"Dadar West,Mumbai ",
        "workingplace":"FairField Health",
        "charges":"1200",
        "mobilenumber":"9934876540",
        "availabletiming":"9:00 AM - 6:00 PM"
      },
      {
        "id" : 14,
        "name" : "Dr. Jiten Chowdhry",
        "gender":"Male",
        "email":"jiten@gmail.com",
        "occupation":"General Surgeon",
        "specialist":"Surgeon Health Care",
        "yearsofexp":"8 years experience overall",
        "locality":"Thane West,Mumbai ",
        "workingplace":"FairField Health",
        "charges":"1200",
        "mobilenumber":"9934876540",
        "availabletiming":"9:00 AM - 6:00 PM"
      },
      {
        "id" : 15,
        "name" : "Dr. Mayur Shrirang ghadage",
        "gender":"Male",
        "email":"mayur@gmail.com",
        "occupation":"General Surgeon",
        "specialist":"Surgeon Health Care",
        "yearsofexp":"6 years experience overall",
        "locality":"Thane West,Mumbai ",
        "workingplace":"FairField Health",
        "charges":"1200",
        "mobilenumber":"9934876540",
        "availabletiming":"9:00 AM - 6:00 PM"
      }
    ]
  
  }